kghunter,82fe3d5f-992d-4a76-a248-b15b0e226ed1
kempes12,0402ecdd-9737-4912-8516-9a6992597df3
popularyoutube,47cac620-788f-4131-829c-c813e960312b
pulpito91,83a00fe2-62ab-4558-8eda-7bb4425d8c5a
gerasimo,0edd8bcf-2ac7-409e-89f3-3dcb6c4ffae5
takohako,80ca36b7-11da-4480-9911-1fc74dac62d1
zmottos,be019b4c-beb8-4dc8-950b-4a8991a86adb
faction_e26a7b88_f35b_4bc0_bfb3_e0aeee644774,4077dec6-df7b-3f98-a94b-d894869bb7d3
a6d,f9a79945-a5de-4bb5-b1df-4915e7e5eb26
danyasha,3e82ccce-0e4a-408b-a0c0-ac7829a0e2fb
streekhawk,a18c4e44-d3a4-4b12-8dc2-208ad9beed33
faction_1baf8c2a_b64b_4779_a674_6688c6d8b688,1c3c3e9c-2aa3-3f5c-8907-53ede57dc367
faction_70bb00f1_bca8_4c01_8cb6_feb6bb69e308,b5e3d50d-b1ad-3e33-81b4-51a64dd73f26
daddydenies,753ae24d-ddfc-4bb9-a697-620b042d9bd0
faction_b54a53ae_bed7_4f3f_b890_4eaa091e44ee,c89b4d97-12a7-3a7b-8fe3-2275877d3979
acold_,dfa88bb1-7264-4771-aa52-2aa2eb6d5b83
covez,a4992484-92ba-40d2-987f-ca78da77b7e6
m9fya,484cc741-f462-429d-b681-4778001e2612
thisstaffy,1c111964-2edb-4af4-a9a5-2516df2988a7
zereldo,9c392a44-5ee7-40da-8e20-474536584b12
ryokoie_nomad,4d22a0db-4455-4f2a-95fb-535dcee142c1
faction_0bc09153_0e62_4e06_9534_3f970bd564d9,ce33c55b-135e-3382-9c53-72d5f4f37461
j3d1w4lk3r,c43132f9-e618-4633-9094-aea57d8ca1c0
faction_6fa9d043_5e7b_45cf_960a_487c230f2a38,335ead6a-4924-3ea2-adbc-7cd65b418a58
faction_d7053727_bc17_49c8_982c_d623010e3639,24d476f6-5bbe-3b2e-8ee9-7295494de3a9
faction_432e7c2b_490f_4a58_a598_6ec5c4ec5e47,fb3aa2a4-b91d-3e5b-a8f7-99879cda0266
oualidbro,bbeb1b5f-c1aa-4c5d-819f-8c76a75144d4
b_mazi,d2543fd8-3cee-4900-9a66-de35c997690b
faction_68d8678e_3ecd_4b6c_bd08_4e5357e0d597,6ec430f4-0529-3bd2-858a-90f8a42d60e7
hamzq,46efaefc-a347-4a1b-927e-3f474cc79f86
verminck,13bc3211-165c-464a-9f42-c063561027c4
carsoneatworld,27736c27-21f6-4623-9d32-3e98b790b012
ignis4,2e57f3e8-c0fe-4ff5-bd18-8f30e26e1df2
seargeant_bob,8ed97e63-2f48-4b9d-b496-465c33a70133
crazymudman,4a48cb65-6dd0-4130-b97f-79c335c91a07
thunderstrike137,be30bcee-5fd6-47c1-8555-a8a88954947c
faction_84ab36fe_4f66_4ddf_9425_4516a5b6df12,69f17845-e55a-323a-be95-5f153951a720
scarmo,1c90bbc9-ed71-4463-970c-54ddd3d356f3
deekhd,bf0d2175-0e87-4bf0-8ef4-fb024a65db0b
hunts_men,1742e7bb-f935-4b91-873e-3cd2faffaac1
bradydawg,2d7cc528-487e-4f0f-93df-2ec276467f83
rookytooth,918c43d0-c8e1-442f-a31f-63efd60fa2dd
nsk,05a581ce-b452-404e-a858-3e72a9051919
0fek,f91e7f34-98ee-46f0-9840-d5a054db1a65
francesco2426,d8f3a279-a103-484b-bc1d-fb63e4423b6b
inducted_duck,1128eddb-a551-45a1-90cb-1ea3a8e12207
blairso4,a6a6786c-cd5b-4e58-8f6b-bdae69d8f83b
masturi,42019844-e95b-458e-b14e-12f3fe8e927c
faction_none,b72ed491-5413-3d1e-bf88-bc59e8cdf984
garrettuwu,2b0e19d3-c4e5-4814-82e8-f85b3bc9af94
j_laz,5133a367-3aac-4875-88a5-623bfe6cc1ff
69_is_god,38fef4ba-705b-400f-898b-ccd7b3d55178
nice2bestu13,5c19fe73-ee2a-4e53-bfb0-fd5ce940d49e
saltkneil,63af23b9-9fd2-43b3-8648-4064cca023ab
saugpvp,505484a4-3ce3-4826-8fcd-0b483b4b046e
user1,05910308-229d-46bb-a466-e5574dba490c
ownxcmd,cb2a1735-94dd-45c9-abed-2b828877a1d7
skefle,4123d3b3-cf57-469d-b212-3530f0b6d723
deebeast,b8b3dbdf-6647-4557-be44-6b6bc5d24a5b
itzendo,234a3aa1-9e96-4c60-a5c4-eaf545c6d076
twinicebear,24138657-738a-4f93-b366-d14ff2422f9b
horowicz,461507b8-d016-49a2-ad17-993cdab9405b
ipulsive,65b5a777-3731-453d-ae28-076b289438c4
broodje_kaas123,90ae00eb-5b03-471e-955d-203034aed46a
tronix221,9b6fb9a2-a40a-4f94-b349-05d893541ca1
majordranar,6861d34d-2428-4b76-af04-6507f00bb276
nonetaken,991776d4-4dfd-475e-8a2a-0ba753b5f05f
darkedge789,ff677538-e3fa-41e1-8117-9a26164a0eaf
yamahavzh,188365ce-404f-44dc-8ca9-86ee6ed5ca84
ultrashowsyt,3cfc9624-71a9-4e47-9e90-35db7cdf57fb
rainbowguy123,4c97b149-8623-456e-a58e-69e0efeb4fba
littleluno321,9e5a782c-c29f-4dbc-b3f3-0460c47f13d5
proxy_360,a9db9af4-1e33-4251-8403-6c3bd15c3ff1
quvvy,71ef8408-c514-45a0-a6f0-76ef27ca34f8
14badboyhalo14,3287c4de-ca11-4800-b7c6-1e6e4757471a
faction_fc6b40af_42d8_44ba_9dbf_f89c0a56caf2,b05b93b7-6b9e-3d7c-abed-1cdc3b99f0cd
hubbledoubles,99ea7a1e-8a97-4f0b-af16-bdfc5019b98f
speshelpandaz,e908af53-90f2-4fb2-b066-79e6ee95e1d5
faction_33bcec20_3c47_45ef_ab74_ccfd6a1b3602,669d577e-59b3-301c-9aa8-51c9ac5f040b
george14568,87a434af-5f74-4526-9f5c-202f1e540740
owends901,ef11bfff-c439-4e28-b3c7-b7fc64c9bad9
voxingtonn,03c2f72b-fcd7-4716-a2a2-9d5f6ae87857
trumpisahero2k16,23870ebc-f353-49a1-8fa0-c7bc01c38f3d
hamzq69,06ef6597-fcbe-4f3b-9dc0-871ae5fede66
minegods,b9261b71-ccc4-4a15-9771-4302d6ca1a91
recordeli,43bced94-3907-42a1-b786-4d06891c4d6e
yoshisenpai,7cb22d77-9965-4e24-83c2-45bfc9a3f4f0
maxspring,4ca9ab63-f01e-4131-818c-1362434e63d2
glowish,bb2808c8-a0bf-420a-8ffe-07aa97580dce
januarysjoy,d2111ad2-b817-41b4-b3b1-72f53d1f78df
kianlindell,25a79130-3040-4321-82a0-82c5fc2860ff
faction_cecd1d4c_2c6b_4eaa_ad25_bfae4afda048,f69cf1d3-cdac-3700-9355-70eaf1e3a6ca
yutz,458de322-dc59-43a9-838d-20cb36615e53
rumple__stilskin,88c63526-0df4-4358-b1a9-2d6f8e46c424
xoshua_x,55ed9052-4b35-4e86-9120-0b03238c73f1
vestiarylemon,399bfaa9-c49f-492b-bf08-aefc5156eff6
anactualgoose,5e5c4a82-98a3-4ee1-a075-8c2ae9f54d43
dragnaires,1922924d-6b26-48e8-98fb-1ad7a560ddcf
krzys_,fad9751e-02f2-4c12-b78b-519a957d6a7f
faction_1b3106c8_7046_4392_8a55_378ad12cb954,ab7b7716-3ce6-3154-8a25-3e217170d9f2
callmrwolf,9117a3c3-348d-414d-be0e-b56e6ed87c32
ericlphd,0a6de120-7cac-4873-9a50-c94e16707fec
faction_b3127fd3_ddbe_424f_9c06_89df8ab42bc4,5511b6a3-f8dc-3578-9f79-b334c8abb5ee
jhocool,dfc9106e-ba6e-49f8-8dbb-b2f39fdcdc9d
epmc,72e0130d-bb1e-4df4-bae5-49e2b0b0efcd
pebblehostcom,9a909a30-6b5a-4d41-8048-6c0fd2baea63
lego2368,50490537-9062-4314-8418-10d85e00a7fd
pulls,3df7123c-b955-43d3-a16c-97930608284a
7news,dc077bd2-f001-4ff2-a82b-9211818e5498
cupcake437,398c783b-681e-455d-b10b-803cbe11ffdb
doxailly,aece2110-b392-4578-bb45-54e03fdeec56
mattie_136,015dbb94-e2b2-476e-bc69-69995ecb0e54
bloodblade2,c07958d7-87de-4360-b059-320efc456672
lavabot,00ff44d1-4f32-4bc4-a5e5-9af04b6692e3
masterlb,679987fb-2412-4566-affc-f397f2854d67
fccincyftw,9780dde9-32a5-4d79-85e7-964700adab6b
kazzaddos,00bab739-4e3f-4b38-b9ee-d2393cc2fab1
ytswedish,22f280d4-b6eb-44cf-aede-d5a6da542acb
faction_b4b712b7_99b7_4609_b1e8_744eb0efa9f4,b14ea953-e6ac-3908-a4cb-85e4458b82a7
chicky2017,26890273-f25f-41b0-ae62-9ae17c380436
thavic25,7f47ce88-a1f7-45ef-abc7-a3b0f99e1810
nooorth,af59471f-2c63-410c-80ff-771b9580c7c7
worteltjedaan,60333712-eda7-4d0d-8763-d472ff9fd473
shadowpvp_yt,9342b7b3-e57e-4cdd-82aa-38fa12a4c533
docgabe101,9bb8a905-8758-4081-8b84-0fb646c942e9
theultraderp,df80f099-983a-43c8-bd27-a5e45428695c
faction_df15f737_cc4a_4799_b6a3_3186f6711334,a2f33dca-258c-3da8-aba3-2927b3afaea9
silversolid,8e279580-a0da-4c98-88e4-fd8715079468
bensfabs,fbc3fd13-311f-4282-badf-eff28962e615
klolxd,bad62814-fb00-415c-b5e6-83f01bbbaba5
faction_aab6b543_d02a_4bcf_9339_a6c3ebdc6e9e,d63b9374-8d75-3f61-b8d4-276e5d0cd600
m0nthly,02917165-a34f-4b96-a706-6d7c043fa8b3
legendarychimp,a177a44b-451a-4515-a57f-38fbf209b7ca
xpquupqx,7a06b4a8-b7d2-40a2-a684-f376e96e548a
awesome123jet1,d2045d0e-8e16-4556-90f1-df066d7fe1b0
incorgnito_,698883ba-fce3-4c69-aa51-b8e78b106346
killeraura,651481df-298e-46bd-953e-9208c3ab84de
pokemonfreak,d55d9b36-8ff6-4a66-94c3-b00ca13734e2
diamondradar,e56453c4-8b37-486b-adda-5a1e11217314
glorckounet,05c23177-f5d8-4558-97f3-896373a1c0fc
amrenn,b134c56a-0e83-4cc4-aa37-f4f470554e87
beast_a_tron,4312ccbb-03b5-4fa3-bde7-8670a030f3f2
faketechnoblade,aa12d9ba-d708-462a-b64b-6a84742c2702
raptor_blade,159adc9b-e842-45c2-aaeb-ba0ed26b18c9
faction_0211451d_d0f1_4233_b191_cfcce050e697,36bf30d0-7331-3900-a9e2-15e793c8d10b
dunkindoughnut,42d24cf5-0564-45c2-8e01-9230ef9850f2
goosepaixd,1ecee6f1-7d3b-49c2-8409-efcb119d903d
_luscuit_,91206370-9e8b-4b5d-ad09-3b1178f19085
logan29summers,23588f3a-a634-4e31-b063-ae3f747c253a
faction_531f4048_1062_4acc_8ef3_ac02272a2911,c2d81e9b-8ef5-3529-9226-af0c0e8be6c3
liquidgb,3241ad56-0324-4689-afb5-db0025c96686
faction_fcbb0edf_bc5a_4c18_8b77_e28b90f9678b,157035de-072b-3e44-ba9d-fdc16627c8d4
acidifying,18035014-bd39-4e4b-9099-9570cc9e4382
killshot50,333e1f1d-3d86-4930-9a24-822557887b95
rezzeration,0026fd2b-1f09-4660-97fb-795ffe465885
